コード,PER,PBR,EPS成長率,自社株買い,業種平均PER
1301,7.7518706,0.67037797,28.599999999999998,,18.6526755
1332,12.34744,1.0742273,14.299999999999999,,18.6526755
1333,8.160542,0.72724366,-47.3,,18.6526755
1377,14.792163,0.96584487,-38.4,,18.6526755
1414,16.08359,2.2590659,6.2,,16.3364325
1417,12.778353,1.063217,,,16.3364325
1419,67.49167,2.7709193,-28.799999999999997,,15.985937
1515,17.100246,1.494553,45.0,,15.429264
1518,15.341219,1.4425652,18.0,,10.257455
1605,9.85456,0.8256716,58.099999999999994,,10.257455
1662,8.211358,0.7284929,-79.4,,10.257455
1663,13.190496,0.87620485,-8.9,,13.190496
1719,9.217952,1.2470804,34.9,,16.3364325
1720,9.095238,1.0994989,36.9,,16.3364325
1721,17.884474,1.6068878,47.4,,16.3364325
1766,10.605932,1.205827,-24.5,,8.750626
1801,11.983757,2.0568092,4.8,,16.3364325
1802,11.85728,1.5732251,116.3,,16.3364325
1803,11.20178,1.3640708,396.6,,16.3364325
1808,12.720108,1.1851342,68.5,,15.985937
1812,12.695828,1.6029361,16.6,,16.3364325
1820,8.497938,1.0497041,182.1,,16.3364325
1833,10.317413,0.97828007,-7.1,,16.3364325
1835,10.000268,0.98122776,-3.3000000000000003,,16.3364325
1852,13.248812,1.391441,59.8,,16.3364325
1860,10.826164,0.82042277,233.1,,16.3364325
1861,10.414666,1.1021926,23.400000000000002,,16.3364325
1870,10.293818,1.1515646,15.4,,16.3364325
1878,10.406075,2.0508285,-1.7999999999999998,,8.750626
1882,20.708704,1.383482,,,16.3364325
1885,8.363651,1.3330454,6.7,,16.3364325
1893,11.382315,1.9532049,3.1,,16.3364325
1898,11.184939,1.2026694,-49.5,,16.3364325
1911,8.600808,0.65594965,-64.3,,15.985937
1925,7.6,0.46106452,9.1,,8.750626
1926,13.099579,1.8162866,17.4,,16.3364325
1928,8.421319,0.9609861,-2.4,,15.985937
1934,16.269789,1.0865432,152.5,,16.3364325
1941,14.742015,1.0548046,3.6999999999999997,,16.3364325
1942,17.12364,2.7471364,4.2,,16.3364325
1944,18.77586,2.5001614,126.69999999999999,,16.3364325
1950,12.257043,1.059532,143.79999999999998,,16.3364325
1951,16.658943,1.4910597,88.1,,16.3364325
1952,11.249205,1.6864599,73.5,,16.3364325
1959,13.709493,1.5795592,9.0,,16.3364325
1961,51.39276,3.3274977,142.3,,16.3364325
1963,12.9438095,1.217075,107.4,,16.3364325
1968,12.958894,1.219637,109.00000000000001,,16.3364325
1969,15.4687605,2.790143,-28.499999999999996,,16.3364325
1975,10.862079,1.917344,11.200000000000001,,16.3364325
1979,15.402016,1.3518977,-28.4,,16.3364325
1980,14.3056965,2.9463067,-4.6,,16.3364325
2001,10.924865,0.8179398,-8.3,,18.6526755
2002,17.516346,1.0746847,-19.5,,18.6526755
2109,28.968851,1.0059011,9.8,,18.6526755
2121,14.322815,1.274946,312.0,,20.842886
2124,18.39459,7.728617,-2.6,,16.3364325
2127,15.7753315,4.1145535,33.800000000000004,,16.67263
2146,20.677671,4.4322777,44.9,,16.3364325
2154,14.200288,2.087128,-44.7,,16.3364325
2157,14.690951,2.090459,-25.7,,15.985937
2168,,0.42536932,,,16.3364325
2175,,7.484543,-5.4,,17.526455
2181,14.540737,2.8228326,14.299999999999999,,16.3364325
2201,11.242168,1.377131,-11.700000000000001,,18.6526755
2206,50.403797,1.1327711,7.7,,18.6526755
2212,16.919086,1.525368,2.1999999999999997,,18.6526755
2220,3.2154095,0.76815206,-93.7,,18.6526755
2222,30.619774,8.492063,18.6,,18.6526755
2229,21.895708,1.7811172,15.2,,18.6526755
2264,15.389142,0.30490178,-3.4000000000000004,,18.6526755
2267,18.332558,1.3198224,17.2,,18.6526755
2269,32.189934,1.4658295,51.300000000000004,,18.6526755
2270,6.785236,0.84874606,62.0,,18.6526755
2281,24.939575,0.93907046,-3.3000000000000003,,18.6526755
2282,16.940998,1.0593282,-5.7,,18.6526755
2292,9.058182,0.63974196,-0.8999999999999999,,18.6526755
2296,13.59771,0.93560565,-3.9,,18.6526755
2317,13.432364,3.8282082,3.1,,23.4385165
2326,21.477173,4.1501393,29.099999999999998,,23.4385165
2327,22.979229,2.5639124,1.9,,23.4385165
2331,16.834576,1.4528016,,,16.3364325
2337,9.598214,1.3946902,23.7,,8.750626
2353,14.089912,3.8878133,54.800000000000004,,16.3364325
2371,40.031563,11.616228,-6.7,,20.842886
2379,15.449781,2.6290057,-72.8,,20.842886
2384,10.347302,1.9713205,58.9,,16.3364325
2413,25.45367,3.042793,-23.400000000000002,,17.526455
2432,14.595342,1.0645896,198.5,,16.3364325
2433,27.938322,1.2116853,,,20.842886
2492,78.22757,6.340732,3.0,,23.4385165
2501,75.90663,1.3844466,4831.4,,18.6526755
2502,14.348826,0.7150828,108.89999999999999,,18.6526755
2503,11.308227,1.6093162,161.9,,18.6526755
2531,42.008057,1.8607764,-64.4,,18.6526755
2579,34.236206,1.6694164,,,18.6526755
2585,19.307228,3.938072,10.7,,18.6526755
2587,15.711758,1.0536811,5.6000000000000005,,18.6526755
2590,,1.323487,81.3,,18.6526755
2593,115.17525,1.9741868,14.799999999999999,,18.6526755
2602,7.9361906,0.8565737,-79.3,,18.6526755
2607,33.482796,1.5043998,71.6,,18.6526755
2659,17.252989,1.2518233,13.700000000000001,,15.985937
2664,26.442644,0.73616993,5.5,,17.526455
2670,14.29675,1.7697439,10.4,,15.985937
2678,,2.2666106,,,15.985937
2681,9.4775715,0.8212428,30.8,,15.985937
2685,14.739394,1.6406952,26.700000000000003,,15.985937
2695,37.951397,1.9434842,-87.1,,15.985937
2726,13.974698,2.9032633,1.6,,15.985937
2730,15.956426,1.0267633,136.5,,15.985937
2733,8.178636,0.67054874,-27.0,,15.985937
2749,12.702217,2.3658779,21.4,,16.3364325
2752,,6.88842,,,15.985937
2760,18.172905,2.6599016,117.8,,23.4385165
2767,11.562062,2.430515,-15.0,,15.985937
2768,11.017613,0.9709705,43.4,,16.3364325
2784,9.756311,0.8040426,-50.5,,17.526455
2791,16.357327,0.9209563,-54.6,,18.6526755
2801,26.55605,2.8019001,24.4,,18.6526755
2802,38.637856,6.523116,13.100000000000001,,18.6526755
2809,24.187286,1.8274195,29.799999999999997,,18.6526755
2810,51.261566,1.258818,185.20000000000002,,18.6526755
2811,18.323301,1.2554735,-22.0,,18.6526755
2815,17.241379,1.2394947,-11.3,,18.6526755
2871,18.983221,1.8015345,22.5,,18.6526755
2874,33.95062,1.2629399,,,18.6526755
2875,14.141798,1.82081,19.5,,18.6526755
2897,18.271189,1.567192,18.3,,18.6526755
2914,20.824606,2.812285,44.6,,18.6526755
2918,11.420511,0.7315133,-36.6,,18.6526755
2931,,1.408504,,,18.6526755
3002,257.27847,1.1806372,,,15.985937
3003,10.577971,1.3217145,14.899999999999999,,8.750626
3028,14.319034,0.7119099,147.3,,15.985937
3034,11.975681,1.4818608,61.7,,17.526455
3036,16.925966,0.8397032,349.2,,15.429264
3038,19.295094,3.6454186,-42.6,,18.6526755
3046,16.672632,3.6563287,13.900000000000002,,17.526455
3048,14.435498,1.5329354,42.6,,15.985937
3050,12.535095,0.7123871,-19.400000000000002,,15.985937
3064,29.690308,8.742967,22.7,,15.985937
3076,13.219083,1.3412079,-43.0,,16.3364325
3086,24.321808,1.6359873,-7.5,,15.985937
3087,181.60516,1.2206532,31.3,,15.985937
3088,17.435516,1.8024215,14.899999999999999,,17.526455
3091,34.94583,3.6161792,27.400000000000002,,15.985937
3092,20.932816,10.1140175,4.6,,15.985937
3097,23.779285,4.4221697,75.5,,15.985937
3099,16.342339,2.0183566,18.5,,15.985937
3101,13.146293,0.6791909,95.3,,15.429264
3105,18.294737,1.334622,,,16.3364325
3106,16.001024,1.4569092,-26.700000000000003,,16.3364325
3107,9.826412,1.7904898,-19.5,,23.4385165
3110,16.015448,3.6201558,84.2,,15.985937
3116,16.500345,0.7804946,-18.9,,15.985937
3132,29.119783,2.8202379,114.7,,23.4385165
3148,11.69246,1.2817334,-5.2,,17.526455
3167,16.127054,1.6410075,21.7,,16.3364325
3182,12.49041,2.0010965,71.89999999999999,,15.985937
3186,11.974523,2.2968323,36.0,,15.985937
3191,14.77617,1.0463628,-37.8,,15.985937
3197,38.28227,3.7782993,32.300000000000004,,15.985937
3201,12.701721,0.90870786,26.200000000000003,,15.985937
3231,8.761053,0.89970464,-36.5,,8.750626
3288,7.5712214,1.4002181,1.0,,8.750626
3289,8.740199,0.9252936,-16.5,,8.750626
3291,9.322219,0.5769109,89.2,,15.985937
3349,15.648301,1.7765136,7.7,,17.526455
3360,17.159266,1.5293106,3.0,,17.526455
3382,16.56112,1.2454692,23.599999999999998,,18.6526755
3387,70.08929,7.2722893,6.2,,15.985937
3391,16.364754,1.1024697,21.3,,17.526455
3395,19.614147,1.6782413,-45.7,,15.985937
3397,194.73442,3.8780832,-31.0,,15.985937
3401,,0.7623358,,,16.3364325
3402,23.682686,0.98359233,82.3,,15.985937
3405,67.30626,0.7202307,216.29999999999998,,15.429264
3407,14.232129,1.0496379,172.70000000000002,,16.3364325
3431,11.6756315,0.8964399,-53.300000000000004,,16.3364325
3433,18.530895,2.7155478,1.4000000000000001,,16.3364325
3436,,2.1378293,,,23.4385165
3445,17.895136,1.817536,6.7,,23.4385165
3465,6.301409,1.2603958,100.49999999999999,,8.750626
3498,11.094287,2.1450467,95.89999999999999,,16.3364325
3543,inf,2.5213807,14.7,,15.985937
3563,43.83896,9.833057,41.699999999999996,,15.985937
3569,13.0387,1.2205117,13.900000000000002,,15.985937
3591,13.6361885,0.82138455,-88.6,,15.985937
3608,21.28114,0.7243761,6.9,,15.985937
3612,9.322338,1.1927216,-67.80000000000001,,15.985937
3626,19.930899,2.8986778,15.1,,23.4385165
3635,12.375281,1.9093193,86.9,,20.842886
3636,7.53366,0.9877408,,,23.4385165
3659,15.314837,1.8938235,76.9,,20.842886
3660,18.590523,1.9424379,86.2,,15.985937
3661,19.492338,6.7071514,-22.5,,20.842886
3668,146.53847,0.7300081,,,20.842886
3673,46.960785,3.4516551,109.89999999999999,,23.4385165
3697,27.312227,5.8474092,,,23.4385165
3762,21.303007,4.5440145,23.799999999999997,,23.4385165
3765,51.554577,1.0581636,105.80000000000001,,20.842886
3769,27.538235,5.204007,20.9,,23.4385165
3774,25.713875,3.9473538,16.400000000000002,,20.842886
3778,688.88885,4.840542,,,23.4385165
3844,12.099816,2.0669384,,,23.4385165
3861,13.578103,0.6487836,,,15.429264
3863,12.468927,0.28062907,,,15.429264
3865,19.490358,0.53981775,-25.3,,15.429264
3880,17.567057,0.62699556,,,15.429264
3923,28.939638,10.004339,313.7,,23.4385165
3941,18.010395,0.7240967,92.9,,15.985937
3962,9.970414,1.5553607,-79.10000000000001,,23.4385165
3993,42.981224,2.9066176,34.1,,23.4385165
3994,80.786476,7.849614,,,23.4385165
4004,61.892082,4.193864,204.3,,15.429264
4005,15.421266,0.8578518,,,15.429264
4008,12.634455,0.9045985,212.2,,15.429264
4021,24.590387,4.7929215,21.3,,15.429264
4023,,0.8831833,108.1,,15.429264
4028,6.5319657,0.8331361,-78.60000000000001,,15.429264
4041,10.994937,0.9311277,2.0,,15.429264
4042,19.897606,0.94593686,198.0,,15.429264
4043,13.170684,1.0190694,,,15.429264
4044,13.550778,0.8869691,368.29999999999995,,15.429264
4045,14.872945,0.86269057,-12.7,,15.429264
4046,17.642662,1.9750606,62.4,,15.429264
4047,36.95224,1.8365868,509.2,,15.429264
4061,18.325882,0.90103275,,,15.429264
4062,109.90136,11.582769,40.8,,23.4385165
4063,24.69041,2.4970822,3.5000000000000004,,15.429264
4071,22.750587,5.2323465,3.6999999999999997,,23.4385165
4078,23.07204,0.74178374,56.00000000000001,,15.429264
4091,19.418613,1.8684808,54.0,,15.429264
4095,15.429264,0.92693216,30.599999999999998,,15.429264
4109,21.516558,1.3756924,32.1,,15.429264
4114,22.489744,0.9278007,134.1,,15.429264
4118,12.136919,0.7111863,109.80000000000001,,15.429264
4151,14.217674,1.2624372,83.0,,17.526455
4180,40.31669,3.384285,138.1,,23.4385165
4182,,1.1449131,118.10000000000001,,15.429264
4183,23.640121,0.8761563,4302.3,,15.429264
4186,27.919905,4.519871,42.5,,23.4385165
4187,12.25665,1.7369255,64.2,,15.429264
4188,,0.86268175,194.0,,15.429264
4189,13.46115,1.5643674,81.6,,15.429264
4194,20.339352,4.389539,28.299999999999997,,20.842886
4202,38.044914,0.9997459,-2.7,,15.429264
4203,29.522501,2.2544763,,,15.429264
4204,13.988506,1.2008222,-2.7,,16.3364325
4205,13.256825,1.1664659,69.3,,15.429264
4206,15.527118,1.3996078,5.7,,16.3364325
4208,13.872616,0.73862386,-3.9,,15.429264
4212,22.595633,0.8739306,292.7,,16.3364325
4216,40.948883,1.6637052,18.9,,16.3364325
4272,13.11267,1.1014352,,,15.429264
4290,14.110169,1.7035165,15.9,,16.3364325
4307,194.92702,8.005228,12.4,,23.4385165
4324,,2.1831324,,,20.842886
4368,25.687933,2.8985531,115.39999999999999,,15.429264
4369,18.39745,2.8929949,-3.2,,15.429264
4373,25.700201,5.164736,4.2,,23.4385165
4385,17.220045,4.394815,11.0,,15.985937
4401,17.50783,1.4501951,47.8,,15.429264
4403,14.693453,1.9450288,-12.1,,15.429264
4432,18.122223,2.5494862,6.3,,23.4385165
4443,40.252876,12.805889,,,23.4385165
4452,25.287191,2.8465414,29.4,,18.6526755
4471,9.6197,0.8877263,-48.0,,15.429264
4480,40.2,4.872186,115.9,,17.526455
4483,36.01299,2.8837152,17.1,,17.526455
4502,,1.2160815,-8.9,,17.526455
4503,13.904009,2.0748057,107.3,,17.526455
4506,5.8849773,1.7381337,51.7,,17.526455
4507,11.460618,1.3295873,148.2,,17.526455
4516,7.6371884,0.7684424,22.5,,17.526455
4519,21.321835,4.955392,19.7,,17.526455
4521,66.418045,0.9263867,3014.0,,17.526455
4523,33.924255,1.4399791,26.0,,17.526455
4527,18.786428,1.9768271,-9.5,,18.6526755
4528,15.140489,1.2180935,36.7,,17.526455
4536,14.806678,1.8024379,22.400000000000002,,17.526455
4540,9.982674,0.8541102,47.9,,17.526455
4543,25.232265,2.048871,68.30000000000001,,17.526455
4544,29.525614,1.4663123,,,17.526455
4547,11.173944,0.6687462,4.5,,17.526455
4549,21.118956,1.7909154,-25.8,,17.526455
4552,26.938091,1.3638829,,,17.526455
4553,33.239567,0.95636547,120.10000000000001,,17.526455
4559,10.026508,0.7870216,-20.5,,17.526455
4565,,1.7089871,,,17.526455
4568,18.903612,2.8368757,-19.7,,17.526455
4569,17.526455,0.43400785,-60.8,,17.526455
4578,14.991657,1.8941805,32.5,,17.526455
4587,,2.7868907,,,17.526455
4612,19.540688,1.4245048,6.3,,15.429264
4613,19.064724,1.6747352,-23.599999999999998,,15.429264
4617,16.286203,1.8508388,50.7,,15.429264
4626,29.18794,4.2304306,62.0,,15.429264
4631,8.558612,0.92831165,157.29999999999998,,15.429264
4633,10.599511,1.004895,6.6000000000000005,,15.429264
4634,12.981293,0.83806676,183.29999999999998,,15.429264
4661,39.45386,4.2633104,50.3,,15.985937
4665,23.75568,1.3863236,53.800000000000004,,16.3364325
4666,8.130885,2.502485,34.599999999999994,,16.3364325
4676,123.520256,1.0473721,848.7,,20.842886
4680,20.355793,3.961834,-1.0999999999999999,,15.985937
4681,17.391304,2.2422345,79.10000000000001,,15.985937
4684,29.895416,4.524752,16.3,,23.4385165
4686,19.639044,2.467495,7.3999999999999995,,23.4385165
4689,17.881756,1.1254193,19.2,,15.985937
4694,17.572277,1.0557015,6.3,,17.526455
4704,25.916504,7.8885484,-36.9,,23.4385165
4722,17.489725,3.2402139,9.1,,23.4385165
4732,20.264317,4.358918,7.000000000000001,,15.985937
4733,34.83509,3.7937737,19.7,,23.4385165
4751,15.4303055,2.962528,5.6000000000000005,,20.842886
4755,,1.5494677,,,15.985937
4768,21.772638,3.520717,3.4000000000000004,,23.4385165
4776,18.002302,7.696551,13.0,,23.4385165
4812,31.840906,5.307368,18.6,,23.4385165
4819,86.2169,1.5013345,,,23.4385165
4825,22.873589,3.6224535,7.7,,20.842886
4849,26.461813,1.9381285,347.90000000000003,,16.3364325
4887,16.198032,1.0485512,-50.3,,17.526455
4901,14.94444,1.0476371,-30.4,,16.3364325
4902,9.831856,0.57777923,6.800000000000001,,16.3364325
4911,,2.036357,264.59999999999997,,18.6526755
4912,16.797964,1.4539331,18.9,,18.6526755
4914,12.966943,0.7856482,14.499999999999998,,15.429264
4919,19.681969,2.080347,,,18.6526755
4922,22.624,1.0848163,191.4,,18.6526755
4927,26.710192,1.8747495,22.3,,18.6526755
4928,18.791124,2.9827082,,,18.6526755
4958,18.644636,1.0043098,27.900000000000002,,15.429264
4967,327.0994,2.5546842,-93.5,,18.6526755
4971,21.94976,3.7095382,6.6000000000000005,,15.429264
4975,17.099537,2.6732898,2.5,,15.429264
4980,22.582687,5.3584075,12.1,,23.4385165
4985,22.069225,1.2660824,-7.7,,18.6526755
4996,11.458699,0.5300391,,,15.429264
5016,33.68715,5.2623158,181.29999999999998,,23.4385165
5019,10.66035,1.0893508,4048.5,,10.257455
5020,14.130208,0.9647477,,,10.257455
5021,8.9076185,0.94206595,,,10.257455
5032,13.173886,6.289347,-10.6,,20.842886
5076,9.041447,0.86792254,840.4999999999999,,16.3364325
5101,8.123843,1.0220734,114.19999999999999,,15.985937
5105,10.301968,1.118988,-29.599999999999998,,15.985937
5108,19.414854,1.2777092,188.0,,15.985937
5110,8.682402,0.6999438,60.0,,15.985937
5192,15.616668,1.1218667,27.800000000000004,,16.3364325
5201,13.911522,0.8068443,74.5,,16.3364325
5202,16.18799,0.46769202,,,15.985937
5208,19.513695,1.8860563,25.1,,23.4385165
5214,16.000858,0.774741,,,23.4385165
5232,16.589968,0.87906164,,,15.429264
5233,18.453876,0.66488385,22.3,,15.429264
5262,14.346866,0.980284,31.2,,16.3364325
5301,26.718224,1.4460508,3.0,,15.429264
5302,15.195072,1.027535,-45.5,,15.429264
5310,37.849377,1.6766882,-24.0,,16.3364325
5331,14.386063,1.110019,58.599999999999994,,16.3364325
5332,25.73445,1.8577732,9.5,,16.3364325
5333,28.642908,1.9498502,64.1,,16.3364325
5334,14.103269,0.8878245,304.7,,15.985937
5344,38.470398,4.7655025,15.2,,23.4385165
5351,3.3861823,0.80152565,166.3,,15.429264
5384,30.502747,3.1458628,81.0,,23.4385165
5393,22.437336,2.8658183,25.3,,16.3364325
5401,195.44891,0.58539236,,,15.429264
5406,8.439755,0.62068486,,,15.429264
5410,5.0734773,0.28875026,-77.2,,15.429264
5411,15.895515,0.4045934,338.09999999999997,,15.429264
5423,14.884062,0.7617114,-49.5,,15.429264
5440,8.111561,0.37859362,-28.799999999999997,,15.429264
5444,12.422053,1.375593,107.89999999999999,,15.429264
5445,6.1530113,0.7652799,-33.900000000000006,,15.429264
5451,11.437989,1.0079554,9.1,,15.429264
5461,45.248287,0.7749798,,,15.429264
5463,14.230703,1.0335007,31.2,,15.429264
5471,15.83484,1.0123634,41.199999999999996,,15.429264
5480,9.983809,0.69904023,39.2,,15.429264
5482,16.522045,0.76498526,-11.1,,15.429264
5563,,0.762874,,,15.429264
5602,14.307706,1.0140146,46.5,,15.429264
5631,27.830284,2.3827126,35.4,,16.3364325
5702,18.714302,0.8433044,258.0,,15.429264
5703,11.088171,0.66571766,,,15.429264
5706,17.40831,3.6800036,,,16.3364325
5711,15.439851,0.80867493,,,15.429264
5713,14.845979,1.1676531,220.5,,15.429264
5714,8.013997,1.0795639,266.40000000000003,,15.429264
5715,10.59685,0.772955,68.2,,15.429264
5726,34.14196,1.8804574,304.09999999999997,,15.429264
5741,inf,1.003891,2635.1,,15.429264
5801,40.98679,6.7938833,331.1,,16.3364325
5802,20.956043,2.638839,89.1,,15.985937
5803,58.063835,14.999619,,,16.3364325
5805,22.264122,4.1512556,88.6,,16.3364325
5830,15.04819,1.1558235,-21.0,,16.67263
5831,21.116789,1.4238485,45.0,,16.67263
5832,16.532747,0.9726162,40.400000000000006,,16.67263
5838,14.819421,2.7469895,24.5,,16.67263
5844,13.807494,0.9381994,55.900000000000006,,16.67263
5851,8.097092,0.45103958,-51.6,,16.3364325
5857,12.27563,1.3144636,136.7,,16.3364325
5901,12.404471,0.922868,-7.199999999999999,,15.985937
5911,13.170641,0.8431708,-42.8,,16.3364325
5929,12.30638,2.1367521,-32.9,,16.3364325
5930,10.224662,1.0974342,,,16.3364325
5938,59.22777,0.7360396,,,16.3364325
5943,13.663961,0.6844331,,,16.3364325
5947,12.96239,1.0563011,1.7999999999999998,,15.985937
5949,,0.42775843,-54.6,,15.985937
5970,6.9548693,0.4061212,85.7,,15.985937
5975,9.051187,0.6517728,221.8,,15.985937
5988,,0.6095581,-2.3,,15.985937
5991,27.967396,1.7167647,75.2,,15.985937
6005,12.54662,1.4103614,32.800000000000004,,16.3364325
6013,15.981859,1.9181184,146.1,,16.3364325
6036,10.272071,4.024495,79.10000000000001,,15.429264
6055,23.305624,3.8911777,55.1,,16.3364325
6080,24.083828,2.9249818,128.4,,16.67263
6088,12.5052805,3.6930985,-20.9,,16.3364325
6098,49.485012,13.492757,67.5,,20.842886
6101,39.12495,2.9775627,55.00000000000001,,16.3364325
6103,23.733778,1.0959518,253.7,,16.3364325
6104,115.20958,0.9681304,,,16.3364325
6113,27.699656,1.4973456,101.29999999999998,,16.3364325
6118,15.868421,0.7551068,-48.6,,16.3364325
6134,45.79905,2.9622304,122.10000000000001,,16.3364325
6135,18.858717,1.4323063,354.0,,16.3364325
6136,16.732904,1.5703056,92.60000000000001,,16.3364325
6140,28.691875,0.8441629,40.300000000000004,,16.3364325
6141,59.11309,1.1146417,52.7,,16.3364325
6143,13.3068905,0.8957445,1325.3999999999999,,16.3364325
6146,49.265926,11.391396,44.0,,23.4385165
6178,19.253223,0.6534471,85.1,,16.67263
6196,16.67263,3.7561562,39.7,,16.67263
6200,13.486712,4.230987,12.9,,18.6526755
6209,7.3479977,0.62235147,-5.0,,15.985937
6222,34.363853,0.3555269,,,16.3364325
6235,62.31622,1.1730622,-77.7,,16.3364325
6250,9.451483,1.3282148,59.3,,16.3364325
6254,38.610645,3.6706367,-48.5,,16.3364325
6258,19.769318,1.5354024,125.89999999999999,,16.3364325
6268,29.58598,1.9722114,114.6,,16.3364325
6269,8.843359,2.16196,56.10000000000001,,10.257455
6273,28.065483,2.0944831,95.89999999999999,,16.3364325
6277,31.304348,1.3227658,-42.0,,16.3364325
6278,31.350452,2.6382692,145.9,,16.3364325
6282,16.244751,0.98412573,-10.299999999999999,,16.3364325
6284,14.927289,1.8786424,20.5,,16.3364325
6287,16.794186,0.97005564,109.60000000000001,,16.3364325
6301,18.915257,1.8758719,5.4,,16.3364325
6302,18.380589,0.9972098,139.2,,16.3364325
6305,16.130907,1.2825983,148.6,,16.3364325
6315,42.222595,2.5025084,,,23.4385165
6323,40.97588,5.6276965,56.00000000000001,,23.4385165
6326,11.164759,1.0577692,96.3,,16.3364325
6331,9.100599,1.4703879,66.60000000000001,,16.3364325
6332,6.4607325,1.020547,-16.0,,16.3364325
6349,14.260666,0.82804984,22.900000000000002,,16.3364325
6361,28.130217,4.045847,-1.9,,16.3364325
6363,12.80977,1.2264148,,,16.3364325
6367,22.43552,1.952236,,,16.3364325
6368,21.958721,4.3961062,-5.7,,16.3364325
6370,21.386324,2.4975808,154.4,,16.3364325
6371,8.952435,0.8867264,-3.1,,16.3364325
6376,14.263566,1.3986933,91.4,,16.3364325
6383,27.101606,4.240935,13.900000000000002,,16.3364325
6395,6.90662,0.75820667,1399.0,,16.3364325
6407,29.180056,2.3448474,129.6,,16.3364325
6412,17.088501,0.7961246,-2.9000000000000004,,15.985937
6417,9.12111,1.621656,-53.7,,15.985937
6419,8.3770075,0.63192767,-35.199999999999996,,15.985937
6420,11.090573,1.1789145,13.4,,16.3364325
6432,12.306599,1.802155,0.1,,16.3364325
6436,13.213859,1.985039,-39.4,,23.4385165
6448,18.995913,1.4182346,325.8,,16.3364325
6454,25.119299,3.0104597,20.3,,16.3364325
6457,16.403076,1.1042082,920.8000000000001,,16.3364325
6458,12.3377285,1.238063,-18.3,,16.3364325
6460,,1.8321966,,,20.842886
6463,10.621558,0.5403704,-19.6,,15.985937
6465,19.076519,1.8092325,-0.1,,16.3364325
6471,24.005363,0.766354,795.8000000000001,,15.985937
6472,18.089725,0.7433588,62.0,,16.3364325
6473,58.67769,0.83777034,112.5,,15.985937
6474,19.381163,0.6984366,83.2,,16.3364325
6479,15.601152,1.5947256,95.6,,23.4385165
6481,31.188738,2.6357732,758.4,,16.3364325
6486,13.865178,1.0140585,32.6,,16.3364325
6490,32.31859,3.3402543,85.8,,16.3364325
6498,14.952715,1.4078454,-6.0,,16.3364325
6501,31.982857,3.8186715,-1.4000000000000001,,16.3364325
6503,26.650135,2.261551,20.8,,16.3364325
6504,22.821028,2.7063823,89.4,,16.3364325
6506,36.44597,2.5607557,-21.7,,16.3364325
6507,26.543678,3.7779706,28.299999999999997,,16.3364325
6516,23.630415,1.4796466,184.9,,16.3364325
6523,411.87335,1.1718876,,,17.526455
6525,76.35571,10.191779,70.6,,23.4385165
6526,45.310184,2.9206564,,,16.3364325
6532,33.011627,11.378757,19.0,,16.3364325
6544,36.02923,11.230131,19.7,,16.3364325
6586,17.944536,1.3234224,18.6,,16.3364325
6588,,1.617721,,,23.4385165
6590,25.076977,5.1857314,-32.6,,23.4385165
6592,14.4374275,1.2336993,22.7,,15.985937
6622,23.957981,2.1315982,40.9,,16.3364325
6630,,1.7446249,,,18.6526755
6632,8.922599,0.94774586,-71.3,,15.985937
6645,37.33655,1.4980074,56.00000000000001,,23.4385165
6651,14.473858,1.3502449,67.30000000000001,,16.3364325
6652,30.721148,1.6155789,922.4,,16.3364325
6674,13.205693,1.4038486,15.7,,15.985937
6701,25.02094,3.014752,157.4,,23.4385165
6702,23.897804,3.5158746,-76.6,,23.4385165
6703,11.092209,1.3168997,,,23.4385165
6707,,1.1368515,,,23.4385165
6723,21.079258,2.4048898,,,23.4385165
6724,59.24436,1.2542567,96.39999999999999,,23.4385165
6727,12.003941,3.0760467,24.9,,23.4385165
6728,24.12341,1.683355,123.0,,16.3364325
6737,18.001957,0.61633754,295.8,,23.4385165
6744,17.208035,1.7055331,,,16.3364325
6750,7.530121,1.4327574,57.49999999999999,,23.4385165
6752,57.50672,1.9405475,89.2,,23.4385165
6753,8.6252775,1.3710369,-88.6,,23.4385165
6754,40.167934,3.400632,463.6,,23.4385165
6758,20.093254,2.6003914,44.4,,23.4385165
6762,34.28075,2.76845,94.3,,23.4385165
6768,,1.1453465,1137.4,,23.4385165
6770,16.531897,0.9687427,,,23.4385165
6787,34.14274,4.6830134,5.5,,23.4385165
6804,7.931436,0.7617096,176.89999999999998,,16.3364325
6806,26.005142,2.1808648,1.4000000000000001,,23.4385165
6807,26.484316,1.3274559,-61.1,,23.4385165
6810,13.749395,1.0419341,50.5,,23.4385165
6814,15.088852,2.7498755,38.2,,23.4385165
6841,20.53439,2.2607594,-19.400000000000002,,16.3364325
6845,19.545937,3.1767306,-1.7999999999999998,,16.3364325
6849,18.030117,1.448599,,,17.526455
6856,25.628428,2.9408793,69.8,,23.4385165
6857,80.43786,28.420057,93.8,,23.4385165
6859,16.319096,1.5512922,44.9,,23.4385165
6861,44.4326,5.4672947,51.0,,23.4385165
6866,21.81918,3.2628357,107.60000000000001,,23.4385165
6869,33.38063,2.3456333,90.9,,17.526455
6871,33.737133,6.928698,128.0,,23.4385165
6875,20.127432,0.45781922,,,23.4385165
6902,11.421781,0.8953557,-14.399999999999999,,15.985937
6908,24.110258,0.77953905,,,23.4385165
6914,15.55024,1.9338332,59.8,,23.4385165
6920,54.15926,16.92405,-35.3,,23.4385165
6923,14.660584,0.93425614,-19.7,,15.985937
6925,46.466114,1.4755301,,,16.3364325
6929,14.616515,1.6582156,-57.8,,23.4385165
6941,19.737778,3.6528904,55.300000000000004,,23.4385165
6947,22.157574,2.8537626,89.4,,23.4385165
6951,19.040966,2.7810953,,,23.4385165
6952,28.43766,2.0832589,152.0,,23.4385165
6954,34.53836,2.967861,34.699999999999996,,16.3364325
6963,,2.541263,203.6,,23.4385165
6965,54.41008,2.1648612,,,23.4385165
6966,18.879541,1.3498187,66.4,,23.4385165
6971,36.533592,1.4656651,63.1,,16.3364325
6976,106.555786,3.8748188,,,23.4385165
6981,68.02435,5.454562,63.7,,23.4385165
6988,17.999899,2.041627,8.200000000000001,,15.429264
6995,8.763824,0.74024785,-12.6,,15.985937
6996,29.187178,1.4338412,108.2,,23.4385165
6999,22.669172,0.98429894,288.8,,23.4385165
7003,10.720039,1.769295,13.100000000000001,,16.3364325
7004,17.553276,0.95263475,,,16.3364325
7011,54.4943,3.8998172,97.39999999999999,,16.3364325
7012,17.541147,2.143578,269.09999999999997,,16.3364325
7013,17.720306,3.9417176,361.3,,16.3364325
7085,19.26452,3.5467541,41.8,,15.985937
7128,37.181507,0.9356726,-18.2,,16.3364325
7130,6.5837326,0.6615035,254.2,,16.3364325
7148,8.716271,2.2319808,37.5,,8.750626
7157,15.013595,1.2651417,-24.8,,16.67263
7164,12.430928,1.6607026,9.4,,16.67263
7167,19.012388,1.3954557,55.300000000000004,,16.67263
7172,10.483352,1.5980597,-19.6,,16.3364325
7173,13.302454,1.1854897,40.9,,16.67263
7180,19.681723,0.9057161,-6.800000000000001,,16.67263
7181,11.066711,0.38935187,-1.5,,16.67263
7182,22.097454,1.252177,69.3,,16.67263
7184,15.218304,1.1448488,56.49999999999999,,16.67263
7186,20.153593,1.4028598,18.5,,16.67263
7189,17.135422,1.0458641,83.2,,16.67263
7199,13.597989,3.1912112,43.5,,16.67263
7201,,0.20289268,,,15.985937
7202,10.905244,0.96325016,23.0,,15.985937
7203,8.254637,0.92109555,75.6,,15.985937
7211,45.92246,0.50182396,91.2,,15.985937
7220,160.2122,1.582353,11.0,,15.985937
7224,10.769049,0.9649996,107.5,,16.3364325
7226,22.076435,0.72603214,,,16.3364325
7239,8.988495,0.71301067,7647.400000000001,,15.985937
7240,10.671882,0.7613112,58.4,,15.985937
7241,5.835706,0.6702013,-5.4,,15.985937
7242,7.4502435,0.8149409,-31.6,,15.985937
7246,11.470344,0.7823033,76.2,,15.985937
7259,16.098526,0.7245547,-19.400000000000002,,15.985937
7261,19.469425,0.35598353,,,15.985937
7267,,0.5393202,129.29999999999998,,15.985937
7269,8.958388,1.1171939,80.0,,15.985937
7270,20.236202,0.64658266,-10.299999999999999,,15.985937
7272,8.202932,1.4191159,223.8,,15.985937
7276,45.700905,1.1475728,44.800000000000004,,15.985937
7278,18.840628,1.087135,24.9,,15.985937
7280,6.527256,0.47477263,-9.5,,15.985937
7283,inf,0.82908666,22.400000000000002,,15.985937
7296,10.636359,0.95229685,24.3,,15.985937
7309,26.237263,1.7098074,,,15.985937
7313,29.168749,0.65632147,172.2,,15.985937
7327,16.918255,1.163003,38.3,,16.67263
7337,16.157804,1.1579458,21.099999999999998,,16.67263
7350,14.218995,0.97286737,40.9,,16.67263
7380,18.672228,0.9353768,24.4,,16.67263
7381,22.444603,1.0528133,31.7,,16.67263
7383,21.168304,1.6825962,26.400000000000002,,16.67263
7389,22.452808,1.0079647,280.90000000000003,,16.67263
7419,9.955257,1.4132769,106.3,,15.985937
7421,,7.7294383,,,15.985937
7433,21.161684,1.5265442,121.9,,23.4385165
7453,38.995728,5.855952,34.1,,15.985937
7456,10.357252,1.3214186,153.1,,15.429264
7458,11.248446,1.4388103,-10.9,,15.985937
7459,14.30373,0.9290925,42.4,,17.526455
7476,19.332813,2.4117017,25.2,,17.526455
7513,22.176785,1.4787811,59.699999999999996,,15.985937
7516,10.040718,0.6859245,52.2,,15.985937
7532,18.518923,2.87729,10.100000000000001,,18.6526755
7545,16.593887,1.1405274,,,15.985937
7550,41.780518,4.993921,89.2,,15.985937
7552,22.44142,3.8166065,-17.299999999999997,,15.985937
7575,11.1043825,1.596752,0.3,,17.526455
7581,27.035925,2.458148,-1.5,,15.985937
7593,12.377451,0.8276314,51.2,,15.985937
7595,4.9148283,1.790193,-13.600000000000001,,23.4385165
7599,9.717389,1.2812464,17.299999999999997,,15.985937
7606,10.930254,1.5738072,44.800000000000004,,15.985937
7611,21.43013,3.981549,9.3,,15.985937
7613,19.784348,0.69961077,82.8,,23.4385165
7616,128.23868,2.5349941,72.0,,15.985937
7630,72.17147,5.158445,-20.599999999999998,,15.985937
7649,9.997608,1.5442817,-67.5,,17.526455
7701,20.124857,2.1215231,68.30000000000001,,23.4385165
7721,30.197344,2.4836106,,,23.4385165
7729,33.672417,4.3028264,44.5,,23.4385165
7730,25.936346,2.5381932,32.7,,17.526455
7731,,1.0507135,-86.4,,15.985937
7733,32.681885,2.8279257,112.5,,17.526455
7734,16.517487,1.8625141,13.0,,16.3364325
7735,32.70567,6.051724,-37.1,,23.4385165
7740,22.61156,2.7275221,-13.700000000000001,,15.985937
7741,33.791996,8.245523,26.900000000000002,,17.526455
7744,10.591107,0.9292786,,,23.4385165
7745,13.718514,1.5925198,-45.7,,23.4385165
7747,28.046549,5.162479,36.3,,17.526455
7751,11.717861,1.1299826,46.9,,23.4385165
7752,17.105263,0.8188716,284.1,,16.3364325
7762,19.07037,1.9289474,-2.9000000000000004,,15.985937
7780,23.15,1.4298111,125.0,,17.526455
7821,13.712,1.7096741,-5.6000000000000005,,15.429264
7826,18.142237,3.5286148,327.0,,23.4385165
7832,26.327658,4.142329,33.4,,15.985937
7839,18.053642,3.5147998,29.4,,15.985937
7846,15.759142,1.5428125,31.4,,16.3364325
7860,14.688587,1.0194036,-44.2,,20.842886
7864,8.943551,1.1233401,14.299999999999999,,15.985937
7867,31.771189,3.328966,19.6,,15.985937
7911,21.553143,0.96000636,131.29999999999998,,16.3364325
7912,12.620585,1.0223236,-48.0,,16.3364325
7915,,0.45532334,,,23.4385165
7936,24.879766,8.788183,62.1,,15.985937
7943,37.78631,0.74707633,245.5,,16.3364325
7944,65.10091,2.2148697,-14.899999999999999,,15.985937
7947,15.097922,1.3726907,1.0,,15.985937
7951,22.781292,1.0602037,348.8,,15.985937
7956,27.193214,2.8905413,27.0,,18.6526755
7965,14.95524,0.9904968,-34.599999999999994,,15.985937
7966,21.900295,1.4556319,41.4,,15.429264
7970,20.265532,1.4948097,-22.3,,15.429264
7972,11.98184,1.9416203,8.1,,15.985937
7974,21.34642,3.1020083,53.5,,20.842886
7976,25.524757,1.2702582,6.5,,16.3364325
7981,13.231483,0.95678973,-15.4,,15.985937
7984,16.712973,1.412125,21.2,,16.3364325
7988,13.667016,0.77087694,-9.6,,15.985937
7990,9.93765,0.76402444,-24.099999999999998,,15.985937
7994,9.18069,1.0038118,-37.9,,16.3364325
7995,24.695175,2.2595923,160.1,,16.3364325
8001,16.956074,2.20869,3.5000000000000004,,16.3364325
8002,14.502125,1.7172997,20.7,,16.3364325
8008,25.053919,1.1188513,82.19999999999999,,15.985937
8012,15.340327,1.0942407,95.19999999999999,,15.429264
8015,21.108574,2.6124704,37.5,,16.3364325
8016,9.471544,1.0067927,18.099999999999998,,15.985937
8020,11.685351,1.7420269,67.60000000000001,,16.3364325
8022,18.084253,1.8267117,23.5,,15.985937
8031,16.870285,1.503786,53.400000000000006,,16.3364325
8035,9.993032,2.586307,39.5,,23.4385165
8050,39.378277,4.556452,76.3,,15.985937
8051,19.154902,1.1799108,4.9,,16.3364325
8053,13.773401,1.700774,11.200000000000001,,16.3364325
8056,14.704963,2.5673883,-23.0,,23.4385165
8057,8.913549,1.2988926,,,16.3364325
8058,22.29021,1.7448245,47.0,,16.3364325
8060,17.881107,2.0016875,-2.4,,16.3364325
8061,14.932655,1.9665065,54.50000000000001,,16.3364325
8074,10.643246,1.019965,24.4,,16.3364325
8078,9.632691,0.8151832,15.1,,16.3364325
8079,18.441364,1.1736008,11.4,,18.6526755
8086,18.136587,0.78085613,17.4,,17.526455
8088,9.647693,0.9443343,571.5,,16.3364325
8097,16.054487,1.2638091,148.6,,10.257455
8098,11.174859,0.9473851,5.5,,15.429264
8111,12.253785,2.3289683,-29.5,,15.985937
8113,25.70965,2.016377,25.8,,18.6526755
8125,26.686302,0.926576,-5.5,,16.3364325
8129,14.012204,0.90230364,-29.799999999999997,,17.526455
8130,12.626773,1.5115298,71.1,,15.985937
8133,,,,,
8136,,,,,
8153,,,,,
8154,,,,,
8160,,,,,
8173,,,,,
8174,,,,,
8179,,,,,
8194,,,,,
8200,,,,,
8214,,,,,
8218,,,,,
8219,,,,,
8227,,,,,
8233,,,,,
8237,,,,,
8242,,,,,
8252,,,,,
8253,,,,,
8267,,,,,
8273,,,,,
8276,,,,,
8278,,,,,
8281,,,,,
8282,,,,,
8304,,,,,
8306,,,,,
8308,,,,,
8309,,,,,
8316,,,,,
8331,,,,,
8334,,,,,
8336,,,,,
8337,,,,,
8341,,,,,
8346,,,,,
8354,,,,,
8358,,,,,
8359,,,,,
8360,,,,,
8361,,,,,
8366,,,,,
8367,,,,,
8368,,,,,
8370,,,,,
8377,,,,,
8381,,,,,
8386,,,,,
8388,,,,,
8399,,,,,
8410,,,,,
8411,,,,,
8418,,,,,
8424,,,,,
8425,,,,,
8439,,,,,
8473,,,,,
8511,,,,,
8522,,,,,
8524,,,,,
8544,,,,,
8566,,,,,
8570,,,,,
8584,,,,,
8585,,,,,
8591,,,,,
8593,,,,,
8595,,,,,
8600,,,,,
8601,,,,,
8604,,,,,
8609,,,,,
8613,,,,,
8616,,,,,
8628,,,,,
8630,,,,,
8697,,,,,
8698,,,,,
8706,,,,,
8707,,,,,
8714,,,,,
8715,,,,,
8725,,,,,
8750,,,,,
8766,,,,,
8771,,,,,
8795,,,,,
8801,,,,,
8802,,,,,
8803,,,,,
8804,,,,,
8830,,,,,
8848,,,,,
8850,,,,,
8876,,,,,
8892,,,,,
8897,,,,,
8919,,,,,
8923,,,,,
8934,,,,,
9001,,,,,
9003,,,,,
9005,,,,,
9006,,,,,
9007,,,,,
9008,,,,,
9009,,,,,
9010,,,,,
9020,,,,,
9021,,,,,
9022,,,,,
9023,,,,,
9024,,,,,
9025,,,,,
9031,,,,,
9037,,,,,
9039,,,,,
9041,,,,,
9042,,,,,
9044,,,,,
9045,,,,,
9048,,,,,
9064,,,,,
9065,,,,,
9068,,,,,
9069,,,,,
9072,,,,,
9075,,,,,
9076,,,,,
9090,,,,,
9101,,,,,
9104,,,,,
9107,,,,,
9110,,,,,
9119,,,,,
9142,,,,,
9143,,,,,
9147,,,,,
9201,,,,,
9202,,,,,
9247,,,,,
9267,,,,,
9274,,,,,
9301,,,,,
9302,,,,,
9303,,,,,
9336,,,,,
9364,,,,,
9401,,,,,
9404,,,,,
9409,,,,,
9412,,,,,
9413,,,,,
9416,,,,,
9418,,,,,
9432,,,,,
9433,,,,,
9434,,,,,
9435,,,,,
9449,,,,,
9468,,,,,
9501,,,,,
9502,,,,,
9503,,,,,
9504,,,,,
9505,,,,,
9506,,,,,
9507,,,,,
9508,,,,,
9509,,,,,
9511,,,,,
9513,,,,,
9519,,,,,
9531,,,,,
9532,,,,,
9533,,,,,
9543,,,,,
9551,,,,,
9552,,,,,
9601,,,,,
9602,,,,,
9603,,,,,
9605,,,,,
9616,,,,,
9621,,,,,
9627,,,,,
9672,,,,,
9678,,,,,
9682,,,,,
9684,,,,,
9692,,,,,
9697,,,,,
9699,,,,,
9706,,,,,
9715,,,,,
9716,,,,,
9722,,,,,
9735,,,,,
9743,,,,,
9744,,,,,
9746,,,,,
9757,,,,,
9759,,,,,
9766,,,,,
9793,,,,,
9824,,,,,
9830,,,,,
9831,,,,,
9832,,,,,
9842,,,,,
9843,,,,,
9861,,,,,
9869,,,,,
9882,,,,,
9887,,,,,
9889,,,,,
9900,,,,,
9934,,,,,
9936,,,,,
9948,,,,,
9956,,,,,
9960,,,,,
9962,,,,,
9974,,,,,
9983,,,,,
9984,,,,,
9987,,,,,
9989,,,,,
9997,,,,,
